{
  "first":[
      {
		    "id":1,
        "name": "口水猪肝",
        "img": "../../static/cate/cate1.jpg",
        "price": 38,
        "quantity":1,
        "total":38,
        "introduce":"猪肝，微量元素铁质丰富，是补血食品中经常用的食物，食用猪肝可调节和改善贫血病人造血系统的生理功能；除此以外，猪肝中含有丰富的维生素A，具有维持正常生长和生殖机能的用处，能保护眼睛，维持正常视力，有效地防止眼睛干涩、疲劳；",
        "material":"猪肝、香菜、香葱、小米辣、生姜、大蒜、八角、香叶",
        "tips":"无"
      },
      {
        "id":2,
        "name": "家常干锅排骨",
        "img": "../../static/cate/cate2.jpg",
        "price": 45,
        "quantity":1,
        "total":45,
        "introduce":"一道地方特色美食；干香溢人，排骨脆香，红亮诱人。吃后还可加鲜汤同煮配菜，一锅两吃真是美哉！",
        "material":"排骨、香菜、胡萝卜、淀粉、大蒜",
        "tips":"无"
      },
      {
        "id":3,
        "name": "铁板豆腐",
        "img": "../../static/cate/cate3.jpg",
        "price": 30,
        "quantity":1,
        "total": 30,
        "introduce":"一道家常菜肴，营养丰富，味道鲜美，做法简单。 是家常、路边小吃的常客；",
        "material":"干豆腐、青红辣椒、洋葱、大蒜",
        "tips":"无"
      },
      {
        "id":4,
        "name": "红油蒜泥肘花",
        "img": "../../static/cate/cate5.jpg",
        "price": 58,
        "quantity":1,
        "total": 58,
        "introduce":"红油蒜泥肘花在四川，做白肉的师傅光刀工，就要练几年，切出来的肉片薄如蚕翼，吃进嘴里鲜香可口，简直是一流的享受。",
        "material":"前猪肘、小米辣、香菜、香葱、大蒜",
        "tips":"无"
      }
  ],
  "second":[
    {
      "id":14,
      "name": "藤椒鸡",
      "img": "../../static/cate/cate14.jpg",
      "price": 45,
      "quantity":1,
      "total":45,
      "introduce":"藤椒鸡，小清新却不失霸道，怪麻、微辣、清香，鸡的鲜和嫩在这种混合的味道中发挥的淋漓尽致，令人过口难忘。",
      "material":"鸡、青红椒、豆芽、藤椒",
        "tips":"无"
    },
    {
      "id":15,
      "name": "口水鸡",
      "img": "../../static/cate/cate15.jpg",
      "price": 30,
      "quantity":1,
      "total": 30,
      "introduce":"口水鸡是一道凉菜，该菜品佐料丰富，集麻辣鲜香嫩爽于一身。有“名驰巴蜀三千里，味压江南十二州”的美称。",
      "material":"鸡、香葱、小米椒、香菜",
        "tips":"无"
    },
    {
      "id":9,
      "name": "辣炒花椰菜",
      "img": "../../static/cate/cate9.jpg",
      "price": 38,
      "quantity":1,
      "total":38,
      "introduce":"辣炒花椰菜是一道美食，口味独特，制作简单，营养价值很高，主要材料为花椰菜；",
      "material":"花椰菜、小米椒、香葱、豆豉",
        "tips":"无"
    },
    
    {
      "id":8,
      "name": "麻辣水煮鱼",
      "img": "../../static/cate/cate8.jpg",
      "price": 58,
      "quantity":1,
      "total": 58,
      "introduce":"水煮鱼可谓川菜中的代表作之一，系重庆渝北风味。看似原始的做法，实际做工考究。 选新鲜生猛活鱼，又充分发挥辣椒御寒、益气养血功效，烹调出来的肉质一点也不会变韧，口感滑嫩，油而不腻。既去除了鱼的腥味，又保持了鱼的鲜嫩。满目的辣椒红亮养眼，辣而不燥，麻而不苦。",
      "material":"鲮鱼、豆芽、土豆、白菜、八角、干辣椒、香葱、大蒜",
        "tips":"无"
    }
  ],
  "third":[
    {
      "id":12,
      "name": "南瓜糯米羹",
      "img": "../../static/cate/cate12.jpg",
      "price": 58,
      "quantity":1,
      "total": 58,
      "introduce":"糯米南瓜粥是一道家常粥品，首选“老南瓜”，老南瓜又甜又面；",
      "material":"南瓜、糯米",
        "tips":"无"
    }
  ],
  "fourth":[

    
    {
      "id":10,
      "name": "香辣花蟹",
      "img": "../../static/cate/cate10.jpg",
      "price": 45,
      "quantity":1,
      "total":45,
      "introduce":"蟹，自古就有“四味”之说。“大腿肉”，肉质丝短纤细，味同干贝;“小腿肉”，丝长细嫩，美如银鱼;“蟹身肉”，洁白晶莹，胜似白鱼;“蟹黄”，含有大量人体必需的蛋白质、脂肪、磷脂、维生素等营养素，营养丰富。",
      "material":"花蟹、辣椒、干辣椒、香葱",
        "tips":"无"
    },
    {
      "id":6,
      "name": "红烧黑鲷鱼",
      "img": "../../static/cate/cate6.jpg",
      "price": 45,
      "quantity":1,
      "total":45,
      "introduce":"鲷鱼属于深海鱼，肉质细嫩，营养丰富，富含蛋白质、钙、钾、硒等营养元素，为人体补充丰富蛋白质及矿物质。一般人群都可食用。",
      "material":"黑鲷鱼、红辣椒、香葱、姜片",
        "tips":"无"
    }
  ],
  "fifth":[
    {
      "id":5,
      "name": "芒果糯米团",
      "img": "../../static/cate/cate4.jpg",
      "price": 38,
      "quantity":1,
      "total":38,
      "introduce":"用芒果、糯米粉制作的一道广东一带的传统风味名点，属于粤菜系。芒果有祛疾止咳的功效，对咳嗽、痰多、气喘等症有辅助食疗作用。",
      "material":"芒果、糯米、牛奶、奶油",
        "tips":"无"
    },
    {
      "id":11,
      "name": "红糖冰粉",
      "img": "../../static/cate/cate11.jpg",
      "price": 30,
      "quantity":1,
      "total": 30,
      "introduce":"红糖桂花冰粉起源于明末清初的四川彭州，是用一种叫冰粉籽东西制作而成的，冰粉籽是一种叫假酸浆的种子，比芝麻略小，黑色，做冰粉的时候用纱布将冰粉籽包起来放入干净的水中搓揉，将其汁液搓到水中，因为假酸浆是酸性的，所以会放一些石灰或者牙膏在里面，等其凝固就好了。吃的时候盛一些冰粉在碗里，浇上红糖水，晶莹剔透的冰粉吃起来象果冻一般爽滑香甜。",
      "material":"冰粉、芝麻、葡萄干、梅干、枸杞、红糖",
        "tips":"无"
    },
    {
      "id":13,
      "name": "芝麻曲奇饼",
      "img": "../../static/cate/cate13.jpg",
      "price": 38,
      "quantity":1,
      "total":38,
      "introduce":"口感不干、不硬，酥松爽口，入口后，微苦清甜、香而不烈的云南小粒咖啡的味道立马弥漫舌尖，美滋滋的味蕾享受。",
      "material":"面粉、鸡蛋、牛奶、奶油、芝麻",
        "tips":"无"
    },
    {
      "id":7,
      "name": "红枣桂圆羹",
      "img": "../../static/cate/cate7.jpg",
      "price": 30,
      "quantity":1,
      "total": 30,
      "introduce":"桂圆红枣汤以桂圆，红枣主料制作的药膳。桂圆红枣汤是广东一带的小吃，属于粤菜系。用去籽红枣和桂圆放在一起炖出来的汤汁，对血液循环有好处。",
      "material":"红枣、桂圆、百合、银耳",
        "tips":"无"
    }
  ]
}
